Workbook

Sheet Esas_Sehife
C3: Axtarışlar üzrə tapılmış səhifə məlumatları
C4: Səhifə adları | D4: Nəticə sayı | E4: Get
C5: Open_Accounts | D5: =IF(COUNT(Open_Accounts!A6:A1048576)=0,"Məlumat tapılmadı",COUNT(Open_Accounts!A6:A1048576)) | E5: =HYPERLINK("#'"&C5&"'!A1","Bax")
C6: Kochurme_Daxili_hes | D6: =IF(COUNT(Kochurme_Daxili_hes!A6:A1048576)=0,"Məlumat tapılmadı",COUNT(Kochurme_Daxili_hes!A6:A1048576)) | E6: =HYPERLINK("#'"&C6&"'!A1","Bax")
C7: Kochurme_Mushteri_hes | D7: =IF(COUNT(Kochurme_Mushteri_hes!A6:A1048576)=0,"Məlumat tapılmadı",COUNT(Kochurme_Mushteri_hes!A6:A1048576)) | E7: =HYPERLINK("#'"&C7&"'!A1","Bax")
C8: Exchange | D8: =IF(COUNT(Exchange!A6:A1048576)=0,"Məlumat tapılmadı",COUNT(Exchange!A6:A1048576)) | E8: =HYPERLINK("#'"&C8&"'!A1","Bax")
C9: Owner | D9: =IF(COUNT(Owner!A6:A1048576)=0,"Məlumat tapılmadı",COUNT(Owner!A6:A1048576)) | E9: =HYPERLINK("#'"&C9&"'!A1","Bax")
C10: Emit_benef | D10: =IF(COUNT(Emit_benef!A4:A1500)=0,"Məlumat tapılmadı",COUNT(Emit_benef!A4:A1048576)) | E10: =HYPERLINK("#'"&C10&"'!A1","Bax")
C11: 3-cu shexs | D11: =IF(COUNT('3-cu shexs'!A6:A1048576)=0,"Məlumat tapılmadı",COUNT('3-cu shexs'!A6:A1048576)) | E11: =HYPERLINK("#'"&C11&"'!A1","Bax")
C12: Transfer | D12: =IF(COUNT(Transfer!A6:A1048576)=0,"Məlumat tapılmadı",COUNT(Transfer!A6:A1048576)) | E12: =HYPERLINK("#'"&C12&"'!A1","Bax")
C13: A_M_L | D13: =IF(COUNT(A_M_L!A6:A1048576)=0,"Məlumat tapılmadı",COUNT(A_M_L!A6:A1048576)) | E13: =HYPERLINK("#'"&C13&"'!A1","Bax")
C14: Kred_zamin | D14: =IF(COUNT(Kred_zamin!A5:A1048576)=0,"Məlumat tapılmadı",COUNT(Kred_zamin!A5:A1048576)) | E14: =HYPERLINK("#'"&C14&"'!A1","Bax")
C15: Aktiv_hesablar | D15: =IF(COUNT(Aktiv_hesablar!A6:A1048576)=0,"Məlumat tapılmadı",COUNT(Aktiv_hesablar!A6:A1048576)) | E15: =HYPERLINK("#'"&C15&"'!A1","Bax")

Sheet Aktiv_hesablar
A2: Bank Melli Iran Bakı filialı | F2: Əsas səhifə
A3: Aktiv müştərilərin siyahısı.
A4: Dövr:
A5: № | B5: Aç_tar | C5: Qeydiyyat nömrəsi | D5: Hesab adı

Sheet Open_Accounts
A2: Bank Melli Iran Bakı filialı | G2: Əsas səhifə
A3: Dövr ərzində açılan hesabların siyahısı.
A4: Dövr: | B4: =Aktiv_hesablar!B4 | E4: =Aktiv_hesablar!D4
A5: № | B5: Aç_tar | C5: Icraçı | D5: Hesab nömrəsi | E5: Hesab adı

Sheet Kochurme_Daxili_hes
A2: Bank Melli Iran Bakı filialı | G2: Əsas səhifə
A3: Dövr ərzində açılan hesabların siyahısı.
A4: Dövr: | B4: =Aktiv_hesablar!B4 | E4: =Aktiv_hesablar!D4
A5: № | B5: TARIX | C5: Debet hesabı | D5: Kredit hesabı | E5: Məbləğ | F5: Qeyd

Sheet Kochurme_Mushteri_hes
A2: Bank Melli Iran Bakı filialı | G2: Əsas səhifə
A3: Dövr ərzində müştəri hesab köçürmələri.
A4: Dövr: | B4: =Aktiv_hesablar!B4 | E4: =Aktiv_hesablar!D4
A5: № | B5: TARIX | C5: Debet hesabı | D5: Kredit hesabı | E5: Valuta | F5: Manat | G5: Qeyd

Sheet Exchange
A2: Bank Melli Iran Bakı filialı | G2: Əsas səhifə
A3: Dövr ərzində valuta alqı -satqısı əməliyyatları.
A4: Dövr: | B4: =Aktiv_hesablar!B4 | E4: =Aktiv_hesablar!D4
A5: № | B5: TARIX | C5: Debet hesabı | D5: Kredit hesabı | E5: Valuta | F5: Manat | G5: Qeyd

Sheet Owner
D1: Bank Melli Iran Baku branch. | F1: Əsas səhifə
D2: =Aktiv_hesablar!D2
F3: =Aktiv_hesablar!E3
A5: № | B5: REGN | C5: VOEN | D5: Müştərinin adı | E5: ÖLKE | F5: LICSCH | G5: Təsisçinin adı | H5: Təsisçinin İD-si | I5: PINCODE | J5: PAY | K5: VƏTƏN | L5: NÖV

Sheet Emit_benef
D1: BANK MELLİ İRAN BAKI FİLİALI | H1: Əsas səhifə
B2: =Owner!D2 | D2: Emitent & Benefisiar
A3: № | B3: tarix | C3: emi_ad | D3: em_dog_tar | E3: emi_sened | F3: ben_ad | G3: ben_sened | H3: qeyd

Sheet 3-cu shexs
D1: Bank Melli Iran Baku branch. | H1: Əsas səhifə
D2: 3 - cü şəxs əməliyyatları.
B4: =Aktiv_hesablar!B4 | E4: =Aktiv_hesablar!D4
A5: № | B5: Tarix | C5: Debet | D5: Kredit | E5: Valuta | F5: Manat | G5: Kurs | H5: Qeyd | I5: F.İ.O.

Sheet Transfer
C1: Bank Melli Iran Baku branch. | G1: Əsas səhifə
C2: Milli və xarici valyutada ödəmələr və mədaxillər.
B4: =Aktiv_hesablar!B4 | E4: =Aktiv_hesablar!D4
A5: N: | B5: DATE_OPER | C5: EMITENT_NAME | D5: BENEFICIARY_NAME | E5: AMOUNT | F5: CURRENCY | G5: COMMENTS

Sheet A_M_L
A2: Bank Melli Iran Bakı filialı | F2: Əsas səhifə
A3: Əlaqəli şəxslər və nümayəndələr.
A4: Dövr: | B4: =Aktiv_hesablar!B4 | E4: =Aktiv_hesablar!D4
A5: N: | B5: REGNOM | C5: A_S_A | D5: FIN | E5: DOG_TAR | F5: TIP

Sheet Kred_zamin
C1: Bank Melli İran Bakı filialı. | F1: Əsas səhifə
C2: Kredit zaminləri məlumatı.
B3: =Aktiv_hesablar!D4
A4: NN | B4: Kredit hesabı | C4: SK | D4: Zaminin İD-si | E4: Zaminin adı | F4: Kredit məbləği | G4: FIN
